{
  "version": 9,
  "locations": [
    {
      "className": "Land_KlimaX_T1Door",
      "location": [
        12147.400391,
        140.479996,
        12453.400391
      ],
      "dir": [
        -157.999969,
        0,
        0
      ],
      "autoClose": 1500,
      "crateLocation": [
        2489.090087890625,
        194.82000732421875,
        5074.33984375
      ],
      "crateDir": [
        75,
        0,
        0
      ],
      "closeDelay": 10
    },
    {
      "className": "Land_KlimaX_T2Door",
      "location": [
        12095.700195,
        140.449997,
        12467.5
      ],
      "dir": [
        -68,
        0,
        0
      ],
      "autoClose": 1200,
      "crateLocation": [
        12027.200195,
        149.119995,
        12461.200195
      ],
      "crateDir": [
        164.218002,
        0,
        0
      ],
      "closeDelay": 10
    },
    {
      "className": "Land_KlimaX_T3Door",
      "location": [
        12022.464844,
        140.186157,
        12492.164063
      ],
      "dir": [
        -66.920479,
        0,
        0
      ],
      "autoClose": 900,
      "crateLocation": [
        12140.700195,
        140.421005,
        12404
      ],
      "crateDir": [
        111.8509,
        0,
        0
      ],
      "closeDelay": 10
    }
  ]
}