    {
      "className": "Land_KlimaX_T1Door",
      "location": [
        4353.720215,
        339.279999,
        10379.599609
      ],
      "dir": [
        -120,
        0,
        0
      ],
      "autoClose": 1500,
      "crateLocation": [
        2489.090087890625,
        194.82000732421875,
        5074.33984375
      ],
      "crateDir": [
        75,
        0,
        0
      ],
      "closeDelay": 10
    },
    {
      "className": "Land_KlimaX_T2Door",
      "location": [
        4357.709961,
        339.229004,
        10217
      ],
      "dir": [
        -118.999992,
        0,
        0
      ],
      "autoClose": 1200,
      "crateLocation": [
        12027.200195,
        149.119995,
        12461.200195
      ],
      "crateDir": [
        -118.999992,
        0,
        0
      ],
      "closeDelay": 10
    },
    {
      "className": "Land_KlimaX_T3Door",
      "location": [
        4242.232422,
        338.798676,
        10299.430664
      ],
      "dir": [
        -90.999992,
        0,
        0
      ],
      "autoClose": 900,
      "crateLocation": [
        12140.700195,
        140.421005,
        12404
      ],
      "crateDir": [
        111.8509,
        0,
        0
      ],
      "closeDelay": 10
    }
  ]
}